Keyword,Avg Monthly Searches,Competition,Competition Index,Low CPC ($),High CPC ($)
"auto shop marketing",880,LOW,24,7.70,39.16
"auto repair marketing",880,LOW,24,7.70,39.16
"auto repair shop marketing",880,LOW,24,7.70,39.16
"automotive advertising agency",880,LOW,10,8.55,35.10
"auto advertising agency",880,LOW,10,8.55,35.10
"automotive ad agencies",880,LOW,10,8.55,35.10
"automotive shop marketing",880,LOW,24,7.70,39.16
"automotive repair marketing",880,LOW,24,7.70,39.16
"auto dealer marketing agencies",880,LOW,7,13.53,54.05
"car dealer marketing agency",880,LOW,7,13.53,54.05
"car dealer advertising agency",880,LOW,7,13.53,54.05
"car dealership advertising agency",880,LOW,7,13.53,54.05
"automotive repair shop marketing",880,LOW,24,7.70,39.16
"car repair marketing",880,LOW,24,7.70,39.16
"auto ad agency",880,LOW,10,8.55,35.10
"dealership advertising agency",880,LOW,7,13.53,54.05
"auto dealer advertising agency",880,LOW,7,13.53,54.05
"auto dealer ad agencies",880,LOW,7,13.53,54.05
"automotive dealer marketing agency",880,LOW,7,13.53,54.05
"marketing for car repair",880,LOW,24,7.70,39.16
"car detailing advertising",390,LOW,23,7.53,32.21
"automotive seo companies",390,LOW,7,11.58,49.48
"automotive seo agency",390,LOW,7,11.58,49.48
"auto detail advertising",390,LOW,23,7.53,32.21
"automotive seo services",390,LOW,6,10.16,31.43
"automotive digital marketing agency",320,LOW,14,6.31,30.99
"automotive digital marketing companies",320,LOW,14,6.31,30.99
"auto repair advertising",320,LOW,16,4.50,38.47
"automotive shop advertising",320,LOW,16,4.50,38.47
"auto shop advertising",320,LOW,16,4.50,38.47
"automotive repair advertising",320,LOW,16,4.50,38.47
"automotive marketing agency",260,LOW,31,7.23,48.86
"car advertising companies",260,LOW,23,2.36,8.18
"car marketing agency",260,LOW,31,7.23,48.86
"automotive marketing companies",210,LOW,30,10.90,38.16
"auto repair shop advertising ideas",210,MEDIUM,35,10.62,34.13
"auto repair advertising ideas",210,MEDIUM,35,10.62,34.13
"auto marketing agencies",210,LOW,30,10.90,38.16
"dealership digital marketing",210,LOW,10,9.67,40.06
"advertising agencies automotive industry",210,LOW,30,10.90,38.16
"automotive marketing services",170,LOW,12,6.31,13.87
"marketing ideas for auto repair shop",170,LOW,15,4.29,40.03
"auto repair marketing ideas",170,LOW,15,4.29,40.03
"auto shop marketing ideas",170,LOW,15,4.29,40.03
"automotive repair marketing ideas",170,LOW,15,4.29,40.03
"auto repair shop marketing strategies",140,LOW,7,10.00,35.00
"the auto ad agency",140,LOW,33,2.31,18.81
"global paint protection film",140,LOW,32,1.35,10.00
"auto repair marketing strategies",140,LOW,7,10.00,35.00
"the automotive ad agency",140,LOW,33,2.31,18.81
"auto body shop marketing",110,LOW,12,7.85,30.72
"google ads for auto repair shops",110,LOW,10,7.66,186.57
"auto body marketing",90,MEDIUM,48,4.49,26.94
"automotive marketing firms",90,LOW,17,5.65,22.09
"auto marketing companies",90,LOW,17,5.65,22.09
"auto repair seo agency",90,LOW,0,0.00,0.00
"auto dealer seo services",90,LOW,2,0.00,0.00
"car dealer seo services",90,LOW,2,0.00,0.00
"auto detailing marketing",70,MEDIUM,37,10.30,39.88
"car detailing marketing",70,MEDIUM,37,10.30,39.88
"auto repair marketing companies",70,LOW,26,8.17,75.63
"car dealership marketing agency",70,MEDIUM,41,7.60,43.29
"google vehicle listing ads",70,LOW,18,7.21,37.11
"digital marketing for auto repair shop",70,LOW,29,8.33,47.98
"dealership marketing agency",70,MEDIUM,41,7.60,43.29
"auto repair digital marketing",70,LOW,14,0.00,0.00
"mobile detailing marketing",70,MEDIUM,37,10.30,39.88
"auto service marketing",70,LOW,29,7.52,60.19
"auto repair business marketing",70,LOW,4,0.00,0.00
"ppc for car dealerships",70,LOW,2,0.00,0.00
"top automotive marketing agencies",50,LOW,16,5.42,23.70
"automotive advertising group",50,MEDIUM,35,2.82,17.48
"repair shop marketing",50,LOW,19,0.00,0.00
"auto repair promotion ideas",50,LOW,12,10.00,35.00
"digital marketing for automobile industry",50,LOW,6,0.00,0.00
"automotive shop advertising ideas",50,LOW,0,0.00,0.00
"google ads for car dealerships",50,LOW,12,8.46,86.70
"automotive digital advertising",50,MEDIUM,34,7.29,43.15
"automotive ppc agency",50,LOW,4,0.00,0.00
"automotive advertising companies",50,LOW,14,5.85,33.07
"auto mechanic marketing",50,LOW,21,0.00,0.00
"collision repair marketing",50,LOW,14,0.00,0.00
"auto advertising companies",50,LOW,14,5.85,33.07
"auto body advertising ideas",50,LOW,0,0.00,0.00
"digital marketing in automobile industry",50,LOW,6,0.00,0.00
"automobile advertising companies",50,LOW,14,5.85,33.07
"automotive digital marketing services",50,LOW,4,0.00,0.00
"automotive ppc company",50,LOW,4,0.00,0.00
"digital marketing for automotive",50,LOW,13,0.00,0.00
"digital marketing services for automotive",50,LOW,4,0.00,0.00
"car advertising agency",40,LOW,9,7.41,19.03
"best ceramic coating on the market",40,HIGH,100,0.45,4.80
"dealer marketing services",40,LOW,21,6.48,20.00
"automotive digital advertising agencies",40,LOW,9,15.65,30.76
"automotive digital advertising company",40,LOW,9,15.65,30.76
"paint protection film market",40,LOW,1,0.00,0.00
"mechanic shop advertising",30,MEDIUM,52,12.25,48.94
"car detailing leads",30,HIGH,81,7.21,26.91
"google auto ads",30,LOW,1,0.00,0.00
"automotive branding agency",30,LOW,5,0.00,0.00
"collision center marketing",30,MEDIUM,63,12.59,74.21
"collision shop marketing",30,UNSPECIFIED,0,0.00,0.00
"dealership marketing companies",30,LOW,10,0.00,0.00
"auto dealer marketing companies",30,LOW,10,0.00,0.00
"auto body shop advertising ideas",30,MEDIUM,46,3.00,11.86
"auto branding agency",30,LOW,5,0.00,0.00
"automotive public relations agency",30,LOW,0,0.00,0.00
"google automotive ads",30,LOW,1,0.00,0.00
"market square auto detail",30,LOW,3,0.00,0.00
"auto detailing leads",20,HIGH,89,4.06,22.76
"automotive google ads",20,MEDIUM,34,21.45,56.30
"car dealership ad agency",20,LOW,10,0.00,0.00
"car dealership marketing companies",20,LOW,9,0.00,0.00
"automotive online marketing",20,LOW,9,0.00,0.00
"car dealer ad agency",20,LOW,10,0.00,0.00
"auto dealer digital marketing agency",20,LOW,2,0.00,0.00
"auto dealer seo marketing agency",20,LOW,0,0.00,0.00
"automotive dealer digital marketing agency",20,LOW,2,0.00,0.00
"automotive dealer seo marketing agency",20,LOW,0,0.00,0.00
"automotive ppc management agency",20,LOW,0,0.00,0.00
"seo agency for automotive",20,LOW,0,0.00,0.00
"top automotive advertising agencies",20,LOW,19,0.00,0.00
"vehicle listing ads google",20,MEDIUM,43,11.73,100.70
"ppf marketing",10,LOW,14,0.00,0.00
"ceramic coating marketing",10,LOW,21,9.11,14.72
"car top advertising companies",10,LOW,29,0.00,0.00
"digital marketing agency automotive industry",10,LOW,0,0.00,0.00
"auto detailing marketing strategies",10,HIGH,86,0.00,0.00
"car marketing companies",10,MEDIUM,33,0.00,0.00
"marketing mobile detailing business",10,MEDIUM,61,0.00,0.00
"advertising for a mechanic shop",10,UNSPECIFIED,0,0.00,0.00
"automotive service marketing ideas",10,LOW,16,0.00,0.00
"automotive social media agency",10,LOW,6,0.00,0.00
"automotive digital agency",10,LOW,11,0.00,0.00
"car detailing promotion ideas",10,HIGH,84,0.00,0.00
"automotive creative agency",10,LOW,17,3.75,7.11
"mechanic marketing ideas",10,MEDIUM,38,0.00,0.00
"the best ceramic coating on the market",10,HIGH,81,0.00,0.00
"marketing detailing business",10,MEDIUM,64,3.65,16.86
"auto repair shop digital marketing",10,MEDIUM,36,0.00,0.00
"auto detailing marketing plan",10,LOW,0,0.00,0.00
"auto advertising agency near me",10,LOW,8,0.00,0.00
"automotive media agency",10,LOW,0,0.00,0.00
"vehicle advertising agency",10,LOW,5,0.00,0.00
"digital automotive advertising agency",10,LOW,0,0.00,0.00
"advertising auto marketing companies",10,LOW,0,0.00,0.00
"adwords for car dealers",10,LOW,0,0.00,0.00
"auto body digital marketing",10,LOW,14,0.00,0.00
"auto body marketing agency",10,MEDIUM,36,0.00,0.00
"auto body repair marketing",10,UNSPECIFIED,0,0.00,0.00
"auto body repair marketing agency",10,LOW,0,0.00,0.00
"auto body shop digital marketing",10,LOW,0,0.00,0.00
"auto body shop marketing agency",10,LOW,0,0.00,0.00
"auto body shop promotions",10,LOW,14,0.00,0.00
"auto dealer eblast marketing agency",10,LOW,0,0.00,0.00
"auto dealer facebook marketing agency",10,LOW,2,0.00,0.00
"auto dealer ppc marketing agency",10,LOW,0,0.00,0.00
"auto dealers marketing agency",10,LOW,32,8.43,72.23
"auto detailing marketing ideas",10,UNSPECIFIED,0,0.00,0.00
"auto repair digital marketing companies",10,LOW,0,0.00,0.00
"auto repair digital marketing services",10,LOW,0,0.00,0.00
"auto repair internet marketing",10,LOW,0,0.00,0.00
"auto repair lead generation agency",10,LOW,0,0.00,0.00
"auto repair online marketing",10,LOW,8,0.00,0.00
"auto repair shop social media marketing",10,LOW,8,0.00,0.00
"auto repair social media marketing",10,LOW,0,0.00,0.00
"automotive advertising firm",10,LOW,0,0.00,0.00
"automotive content agency",10,LOW,0,0.00,0.00
"automotive dealer eblast marketing agency",10,LOW,0,0.00,0.00
"automotive dealer facebook marketing agency",10,LOW,2,0.00,0.00
"automotive dealer google ads marketing agency",10,LOW,0,0.00,0.00
"automotive dealer google business profile marketing agency",10,UNSPECIFIED,0,0.00,0.00
"automotive dealer google my business marketing agency",10,LOW,0,0.00,0.00
"automotive dealer google vehicle ads marketing agency",10,LOW,0,0.00,0.00
"automotive dealer instagram marketing agency",10,LOW,0,0.00,0.00
"automotive dealer orm marketing agency",10,LOW,4,0.00,0.00
"automotive dealer ppc marketing agency",10,LOW,0,0.00,0.00
"automotive dealer snapchat marketing agency",10,LOW,2,0.00,0.00
"automotive dealer tiktok marketing agency",10,LOW,0,0.00,0.00
"automotive digital marketing agency list",10,LOW,0,0.00,0.00
"automotive digital marketing agency services",10,LOW,0,0.00,0.00
"automotive influencer agency",10,MEDIUM,43,0.00,0.00
"automotive marketing consultancy",10,UNSPECIFIED,0,0.00,0.00
"automotive seo firm",10,LOW,1,0.00,0.00
"best automotive ad agencies",10,LOW,0,0.00,0.00
"best automotive ad agency",10,LOW,12,0.00,0.00
"cajas digital agency",10,LOW,14,0.00,0.00
"car dealer digital marketing agency",10,LOW,4,0.00,0.00
"car dealer direct mail marketing agency",10,LOW,0,0.00,0.00
"car dealer eblast marketing agency",10,LOW,0,0.00,0.00
"car dealer facebook marketing agency",10,LOW,0,0.00,0.00
"car dealer google ads",10,LOW,21,0.00,0.00
"car dealer google ads marketing agency",10,LOW,0,0.00,0.00
"car dealer google business profile marketing agency",10,LOW,0,0.00,0.00
"car dealer google my business marketing agency",10,LOW,0,0.00,0.00
"car dealer google vehicle ads marketing agency",10,LOW,0,0.00,0.00
"car dealer instagram marketing agency",10,LOW,0,0.00,0.00
"car dealer internet marketing services",10,UNSPECIFIED,0,0.00,0.00
"car dealer online marketing agency",10,UNSPECIFIED,0,0.00,0.00
"car dealer ppc marketing agency",10,LOW,0,0.00,0.00
"car dealer seo marketing agency",10,LOW,0,0.00,0.00
"car detailing market",10,LOW,16,0.00,0.00
"car detailing marketing ideas",10,HIGH,100,0.00,0.00
"car shop marketing",10,LOW,0,0.00,0.00
"collision center marketing ideas",10,LOW,0,0.00,0.00
"detailing market",10,MEDIUM,36,0.00,0.00
"digital agency for car dealerships",10,UNSPECIFIED,0,0.00,0.00
"digital automotive ad agency",10,LOW,0,0.00,0.00
"digital marketing agency for dealerships",10,LOW,0,0.00,0.00
"digital marketing for auto shops",10,UNSPECIFIED,0,0.00,0.00
"digital marketing in the automotive industry",10,LOW,0,0.00,0.00
"google ads automotive",10,MEDIUM,63,10.39,32.15
"google ads for dealerships",10,LOW,6,0.00,0.00
"marketing a mechanic shop",10,UNSPECIFIED,0,0.00,0.00
"marketing ideas for auto body shop",10,LOW,26,0.00,0.00
"marketing ideas for auto detailing business",10,LOW,0,0.00,0.00
"mobile car wash advertising ideas",10,UNSPECIFIED,0,0.00,0.00
"ppc in automobile industry",10,LOW,5,0.00,0.00
"social media marketing for auto repair shops",10,LOW,29,10.00,35.10
"top automotive seo agencies",10,LOW,0,0.00,0.00
"vehicle listing ads google ads",10,LOW,0,0.00,0.00
"vehicle marketing agency",10,LOW,0,0.00,0.00
"adwords for automotive",0,UNSPECIFIED,0,0.00,0.00
"automotive distribution & marketing company",0,UNSPECIFIED,0,0.00,0.00
"best automotive digital agency",0,UNSPECIFIED,0,0.00,0.00